id,fullname,job,gender,city,salary,birthday
1,Fidelio Coughlin,architect,Male,Los Angeles,5729,1986-04-20
2,Brittaney Steven,lawyer,Female,Phoenix,9578,1980-03-01
3,Delila Ancell,engineer,Female,San Antonio,3499,1992-07-29
4,Alexio Bouldon,chef,Male,Philadelphia,7660,1967-10-20
5,Delmor Crowth,engineer,Male,San Antonio,1109,1990-04-02
6,Dru Caldaro,lawyer,Male,New York,2619,1978-05-27
7,Wendall Hollindale,engineer,Male,Dallas,8192,1968-01-27
8,Gun Reavell,scientist,Male,Los Angeles,6964,1964-10-04
9,Bastien Steffans,engineer,Male,San Diego,1310,1980-08-21
10,Sharia Huxster,engineer,Female,San Antonio,8875,1993-06-29
11,Lincoln Cornick,scientist,Male,Phoenix,9367,1972-07-13
12,Omero Pratley,writer,Male,New York,5178,1997-12-17
13,Vanna Shorto,engineer,Female,San Jose,5911,1992-07-04
14,Gilli Moughtin,scientist,Female,San Diego,7063,1993-10-25
15,Leonerd Arnowitz,writer,Male,Philadelphia,7689,1984-09-26
16,Amara Schouthede,pilot,Female,Dallas,3880,1985-04-30
17,Ancell Edmonston,architect,Male,San Diego,3755,1997-07-10
18,Gustave Motion,scientist,Male,Chicago,9203,1996-05-30
19,Winni Colleck,artist,Female,Chicago,2530,1962-01-21
20,Burt Tutchener,lawyer,Male,Houston,7059,1967-02-06
21,Martelle Degan,engineer,Female,Chicago,4718,1978-11-26
22,Helenelizabeth De Dei,pilot,Female,San Jose,8077,1974-07-29
23,Brenden Hammersley,writer,Male,Dallas,3055,1987-05-16
24,Jeremiah Yakunkin,doctor,Male,San Jose,4688,1998-10-31
25,Nata Paggitt,writer,Female,San Antonio,4171,1973-01-06
26,Netty Pirouet,artist,Female,Phoenix,6422,1993-08-06
27,Matthus Kear,scientist,Male,Phoenix,7525,1982-11-06
28,Jephthah Fincke,pilot,Male,Philadelphia,8679,1979-01-08
29,Rodolphe Wrightem,doctor,Male,Houston,7218,1986-12-19
30,Augustina Phython,chef,Female,Los Angeles,9997,1972-07-11
31,Eldridge Barck,doctor,Male,San Jose,9616,1985-08-20
32,Bambie Stanyard,teacher,Female,Dallas,3939,1985-11-20
33,Paolo Matcham,teacher,Male,Phoenix,6409,1991-05-24
34,Benedick Old,writer,Male,Chicago,1544,1997-03-15
35,Morganne Maton,architect,Female,San Jose,9937,1965-08-20
36,Emmanuel Trodd,pilot,Male,San Jose,1965,1983-05-19
37,Laverna Meth,artist,Female,Dallas,7802,1998-07-20
38,Johnny O'Lochan,chef,Male,Philadelphia,9702,1968-10-18
39,Kit Blaine,chef,Male,New York,2397,1975-03-04
40,Alexander Ponde,artist,Male,Los Angeles,7252,1974-03-06
41,Larry Josipovitz,doctor,Male,Los Angeles,2867,1983-04-05
42,Oberon Horder,teacher,Male,Phoenix,7723,1971-07-18
43,Dee Tod,chef,Female,San Jose,6432,1968-06-21
44,Charlene Vaar,architect,Female,San Antonio,7317,1971-10-09
45,Harmonie Petraitis,teacher,Female,Philadelphia,8906,1984-10-13
46,Archie Lidierth,engineer,Male,San Jose,9820,1996-04-06
47,Lonee McFarlan,chef,Female,Los Angeles,1275,1980-12-19
48,Kirstin Dalgarno,pilot,Female,Los Angeles,2736,1994-06-23
49,Padget Monget,teacher,Male,Houston,2518,1979-02-04
50,Domingo Fairhurst,engineer,Male,San Diego,3673,1973-10-18
51,Evered Messenbird,chef,Male,New York,4493,1985-06-13
52,Alverta Boutcher,engineer,Female,Los Angeles,1701,1997-03-15
53,Sibel Moulsdale,lawyer,Female,Philadelphia,1377,1991-07-30
54,Krispin McKiddin,chef,Male,Philadelphia,2328,1971-06-29
55,Verine Sullens,artist,Female,Philadelphia,6645,1996-10-26
56,Sauveur Dimitrie,chef,Male,Los Angeles,4897,1984-01-07
57,Christie Lanfer,engineer,Female,Los Angeles,2080,1963-12-04
58,Mead Chaise,chef,Male,Phoenix,3848,1994-10-28
59,Cordelia MacAiline,writer,Female,Philadelphia,1371,1989-09-04
60,May Clutterbuck,pilot,Female,Philadelphia,3161,1970-04-07
61,Janith Shakeshaft,scientist,Female,San Antonio,6261,1977-05-06
62,Stevena Rudman,writer,Female,Phoenix,2735,1996-05-22
63,Portie Alliband,doctor,Male,Philadelphia,8000,1965-08-16
64,Luce Fillon,lawyer,Female,San Jose,2020,1977-06-16
65,Guillaume Hoys,architect,Male,Phoenix,8609,1987-11-15
66,Westley Ruffle,architect,Male,Los Angeles,5771,1973-12-16
67,Iain O'Scollee,doctor,Male,San Diego,9529,1971-04-29
68,Sharona Milner,artist,Female,Chicago,9758,1981-01-17
69,Godfrey Jillins,teacher,Male,Philadelphia,2432,1983-09-08
70,Melodie Lacroutz,pilot,Female,San Antonio,2754,1992-11-30
71,Wyatt Davio,scientist,Male,Los Angeles,4401,1963-05-18
72,Tedie McGarvey,chef,Male,Los Angeles,9318,1998-03-20
73,Aundrea Pascow,chef,Female,Dallas,2421,1995-02-20
74,Flossy Eddis,lawyer,Female,San Diego,6613,1972-04-28
75,Margarette Scotter,lawyer,Female,San Diego,3924,1985-12-21
76,Nert Sarfass,lawyer,Female,Philadelphia,1308,1993-07-15
77,Chet Ripon,pilot,Male,San Antonio,4644,1993-10-11
78,Kele Hierro,engineer,Male,Los Angeles,8032,1963-01-11
79,Wynn Kenneford,chef,Female,San Jose,9070,1969-06-30
80,Jeffie Loffill,doctor,Male,Chicago,9127,1966-05-27
81,Riccardo Pietrowski,scientist,Male,San Diego,4064,1988-04-01
82,Grace Shinner,teacher,Male,Houston,9668,1977-03-05
83,Martita Brainsby,architect,Female,Dallas,3963,1968-10-18
84,Ogdon Heavy,artist,Male,New York,2670,1970-06-04
85,Iolanthe Haysar,doctor,Female,Houston,8516,1992-10-24
86,Lev Roussel,artist,Male,Chicago,4907,1964-02-15
87,Annamarie Folkerts,engineer,Female,Phoenix,4470,1968-03-31
88,Dierdre Winterborne,doctor,Female,New York,1427,1966-12-27
89,Bastian Tunnacliffe,writer,Male,Los Angeles,8886,1999-07-03
90,Karita Lindsey,pilot,Female,Philadelphia,7502,1971-06-07
91,Anny Domm,doctor,Female,San Diego,4816,1990-02-20
92,Hugibert Boorne,teacher,Male,Houston,8800,1990-02-07
93,Coriss Hellsdon,pilot,Female,Phoenix,3641,1969-08-14
94,Emile Wakley,architect,Male,San Antonio,9841,1964-08-18
95,Addie Partleton,architect,Female,Philadelphia,5989,1974-12-30
96,Porty Ormonde,writer,Male,San Diego,9932,1969-06-26
97,Reuven Roxburgh,scientist,Male,Chicago,7102,1967-08-20
98,Anatol Uttridge,doctor,Male,Houston,3594,1975-03-01
99,Hugibert Tregian,lawyer,Male,Los Angeles,2863,2000-10-05
100,Evvie Nouch,doctor,Female,San Diego,5100,1979-11-02
101,Basia Cheal,architect,Female,San Antonio,8767,1975-03-29
102,Adolf Simonato,chef,Male,Phoenix,5358,1964-08-09
103,Harlen Murrigans,lawyer,Male,Dallas,4811,1997-01-30
104,Erskine Rottcher,writer,Male,San Antonio,3633,1993-01-06
105,Casandra Boldison,doctor,Female,San Diego,8924,1963-08-25
106,Constantine Eckhard,artist,Female,Chicago,1427,1966-12-31
107,Sybyl Heminsley,scientist,Female,New York,2971,1978-06-23
108,Nicolis Acome,teacher,Male,Los Angeles,5753,1999-01-17
109,Cairistiona Frawley,scientist,Female,Houston,4148,1969-01-01
110,Cecilla Scandrett,chef,Female,Houston,7015,1975-03-23
111,Lane Clitheroe,writer,Male,San Jose,4340,1968-11-25
112,Darius Caveill,lawyer,Male,Chicago,1765,1980-07-24
113,Willis Smeuin,architect,Male,San Diego,9920,1974-05-21
114,Alexis Nuemann,writer,Female,San Jose,9435,1977-07-12
115,Gene Dacombe,doctor,Male,Los Angeles,5185,1999-08-10
116,Algernon Attkins,writer,Male,San Jose,7833,1992-06-26
117,Darla Wigfield,teacher,Female,San Diego,2676,1994-09-02
118,Sherman Chippendale,pilot,Male,Phoenix,4480,1972-02-17
119,Mikael Pedroli,chef,Male,San Diego,9366,1970-12-24
120,Elysee Bletso,engineer,Female,Chicago,2820,1967-08-14
121,Galen Hailwood,architect,Male,Dallas,9413,1999-12-09
122,Audi Byrd,engineer,Female,San Diego,8234,1994-08-30
123,Camile Clemenzo,lawyer,Female,San Jose,3177,1973-10-28
124,Frayda Tatnell,chef,Female,Philadelphia,2543,1998-12-30
125,Jasmina Panting,doctor,Female,New York,4161,1992-07-13
126,Aggy Burnep,pilot,Female,Houston,3373,1979-01-09
127,Moss Cheeney,teacher,Male,New York,9020,1986-08-05
128,Rustin Readshaw,pilot,Male,San Antonio,3611,1973-03-09
129,Alice Giddy,teacher,Female,Phoenix,6726,1987-07-23
130,Grata Sesons,artist,Female,Los Angeles,7037,1971-04-26
131,Ferrel Segoe,architect,Male,New York,8870,1989-04-01
132,Benni Bootherstone,chef,Female,Philadelphia,3376,1994-11-27
133,Piotr Epton,scientist,Male,New York,7162,1992-06-03
134,Galven O'Fihillie,artist,Male,Houston,6786,1971-11-22
135,Patin Niesel,writer,Male,Los Angeles,8491,1999-05-20
136,Juan Laguerre,scientist,Male,San Jose,6234,1974-01-12
137,Gerald MacCrackan,writer,Male,New York,3940,1983-09-05
138,Brittne Esel,doctor,Female,San Jose,3557,1996-02-06
139,Tommie Rosina,doctor,Female,Houston,9310,1970-08-09
140,Ivan Epinay,writer,Male,Dallas,2197,1979-05-03
141,Nanice Maskelyne,scientist,Female,Dallas,1756,1968-07-17
142,Lock Prettjohn,scientist,Male,Houston,2970,1990-12-10
143,Butch De Blasi,artist,Male,Dallas,1274,1983-11-13
144,Read Matic,engineer,Male,Dallas,9190,1964-01-17
145,Maxy McMeeking,engineer,Female,San Diego,3419,1990-11-26
146,Andros Barens,architect,Male,Los Angeles,4071,1972-10-16
147,Caterina Lade,architect,Female,Philadelphia,6731,1973-04-02
148,Emmerich Jansik,architect,Male,Dallas,6686,1995-09-08
149,Annabelle Barnicott,engineer,Female,Los Angeles,3155,1986-05-22
150,Liesa Rubinshtein,engineer,Female,Los Angeles,2282,1969-02-16
151,Eunice Rothermel,architect,Female,Chicago,8201,1978-08-28
152,Dew Palatino,scientist,Male,San Diego,9220,1999-02-18
153,Emmanuel Domney,artist,Male,Los Angeles,3855,1993-03-09
154,Alfredo Cordeau],chef,Male,Philadelphia,9552,1969-07-05
155,Reinald Ollcott,artist,Male,San Antonio,1348,1980-12-08
156,Adriena Cluatt,teacher,Female,Phoenix,3528,1973-05-07
157,Farr Issacoff,chef,Male,San Antonio,4287,1981-10-04
158,Eula Goodridge,teacher,Female,San Antonio,8198,1977-10-05
159,Randi Dominichelli,teacher,Female,Los Angeles,6674,1969-04-17
160,Wynn Busfield,teacher,Female,Phoenix,2327,1995-02-11
161,Toinette Lowne,pilot,Female,Philadelphia,1744,1999-10-06
162,Dennet Maidment,artist,Male,Dallas,7621,1987-12-03
163,Chelsy Sirman,architect,Female,Phoenix,1888,1981-03-07
164,Cullie Merrigans,teacher,Male,San Jose,9259,1971-02-16
165,Noni Trowler,pilot,Female,Los Angeles,6873,1999-07-25
166,Fletcher Bowsher,chef,Male,San Jose,6841,1973-02-07
167,Renate Pancoust,writer,Female,San Diego,3208,1974-12-03
168,Kirbie Rollings,scientist,Female,San Antonio,9585,1961-08-04
169,Morris Shippard,artist,Male,San Antonio,9532,1965-07-11
170,Anders Duham,pilot,Male,Los Angeles,3468,1972-11-01
171,Geraldine Fone,chef,Female,New York,1287,1971-01-05
172,Berget McVittie,artist,Female,San Jose,6260,1991-09-13
173,Onfre O'Hare,doctor,Male,San Diego,9308,1972-11-20
174,Nada Sandercroft,doctor,Female,Los Angeles,7772,1964-01-23
175,Beatrix Laing,writer,Female,Phoenix,7456,1982-08-12
176,Danyelle Dolman,pilot,Female,San Jose,8280,1986-06-11
177,Hammad Harris,doctor,Male,San Jose,1651,1961-07-10
178,Edgar Blackster,chef,Male,San Jose,8051,1991-04-25
179,Nannette Foulks,scientist,Female,Dallas,7660,1983-10-21
180,Duke Begent,lawyer,Male,Phoenix,1023,1970-08-20
181,Fawnia Padly,teacher,Female,Chicago,7432,1998-11-20
182,Angelico Bramelt,pilot,Male,Houston,4669,1970-11-03
183,Raynard Albro,doctor,Male,Phoenix,7839,1982-04-23
184,Lucius Whittick,chef,Male,Los Angeles,5036,1974-11-22
185,Torrin Munson,doctor,Male,Philadelphia,4472,1975-02-05
186,Taite Inmett,writer,Male,San Diego,8966,1991-02-12
187,Meaghan Cassella,lawyer,Female,Houston,3076,1988-04-08
188,Tiphani Hatfull,scientist,Female,Phoenix,7573,1983-04-09
189,Siusan Raden,engineer,Female,Chicago,5203,1972-08-25
190,Adora Beumant,teacher,Female,New York,7283,1983-05-08
191,Nada Shane,teacher,Female,San Diego,7894,1977-01-11
192,Leslie By,doctor,Male,San Diego,5684,1981-05-09
193,Stu Geeritz,engineer,Male,Houston,5439,1980-02-14
194,Hermy Trippick,engineer,Male,Phoenix,6147,1961-07-10
195,Lonee De Miranda,chef,Female,Los Angeles,3445,1995-03-17
196,Rolland Coolbear,lawyer,Male,Phoenix,5850,1976-08-21
197,Johnathon Houlaghan,scientist,Male,Dallas,3439,1985-06-18
198,Gasparo Breakwell,architect,Male,Houston,7017,1982-08-29
199,Starla Stopp,doctor,Female,San Jose,2191,1997-02-04
200,Eada Larman,pilot,Female,San Diego,2157,1966-07-16
201,Rhys Bilby,pilot,Male,San Antonio,2236,1974-06-20
202,Jacquelynn Healy,teacher,Female,San Antonio,1325,1979-01-13
203,Yale Franken,lawyer,Male,New York,7757,1983-10-25
204,Roda Runcie,scientist,Female,Houston,8651,1985-07-06
205,Josee Salzberger,writer,Female,Phoenix,2398,1969-04-26
206,Rollo Bartels-Ellis,chef,Male,Houston,9201,1963-07-29
207,Dorolisa Warre,teacher,Female,Philadelphia,9078,1961-08-04
208,Edmund Lunney,doctor,Male,Houston,5143,1963-12-30
209,Burton Dullard,scientist,Male,Los Angeles,4539,1993-08-31
210,Cornelia Durbyn,scientist,Female,New York,1305,1986-02-16
211,Timmie Breslauer,scientist,Male,Los Angeles,8557,1961-11-01
212,Anna-diane Slark,engineer,Female,San Jose,2925,1980-09-08
213,Dorian Coppock.,engineer,Female,New York,1058,1975-05-24
214,Terencio Aartsen,pilot,Male,Houston,5958,1998-07-03
215,Janaya Huntingford,artist,Female,Dallas,8375,1982-07-14
216,Cornela Gettens,pilot,Female,New York,4604,1964-11-06
217,Ezri Weadick,teacher,Male,Los Angeles,7380,1967-07-16
218,Arney M'cowis,doctor,Male,San Jose,7036,1974-11-06
219,Juieta Dyzart,scientist,Female,San Antonio,6819,1993-03-26
220,Federica Swynley,engineer,Female,Philadelphia,4414,1970-06-20
221,Bili Sizey,doctor,Female,San Antonio,2859,1987-03-17
222,Hilary Yateman,doctor,Male,Phoenix,7890,1962-10-29
223,Jeanna Drogan,doctor,Female,Phoenix,2304,1982-09-10
224,Cathrine Crudgington,chef,Female,Chicago,3237,1985-10-06
225,Carry Wressell,doctor,Female,New York,8975,1972-06-07
226,Stillman Hunston,chef,Male,Houston,5320,1986-05-31
227,Eward Lower,chef,Male,Phoenix,4744,1992-12-26
228,Alexina Forker,writer,Female,Phoenix,4851,1982-06-08
229,Vinny Blockey,architect,Male,San Antonio,7314,1992-12-29
230,Wendall McGoldrick,lawyer,Male,New York,3072,1977-10-29
231,Mattie Petrolli,pilot,Male,Chicago,6199,1967-11-02
232,Bogey McMillan,teacher,Male,Chicago,8702,1979-04-30
233,Wolfgang Imort,writer,Male,Phoenix,3732,1989-04-17
234,Baxy Normanvill,scientist,Male,Houston,8653,1989-03-22
235,Trefor Petrecz,teacher,Male,Houston,7221,1989-03-03
236,Sindee Dominetti,pilot,Female,New York,6137,1962-06-24
237,Ernst Eastham,engineer,Male,San Antonio,8273,1977-04-19
238,Erhart O'Shesnan,teacher,Male,Houston,3180,1990-07-15
239,Cynthy Salkeld,writer,Female,Phoenix,4796,1991-08-12
240,Elsy Damarell,writer,Female,New York,4145,1986-08-29
241,Dermot Abrahamsson,pilot,Male,Dallas,7227,1990-06-26
242,Weston Dedney,engineer,Male,Philadelphia,6192,1971-09-17
243,Lucius Boykett,lawyer,Male,Phoenix,6625,1995-05-13
244,Kimberlyn Torn,chef,Female,Phoenix,4018,1972-10-26
245,Uriah Rowsel,pilot,Male,Philadelphia,6374,1972-03-10
246,Ingra Ambrogelli,scientist,Male,Philadelphia,4935,1982-10-25
247,Larisa Paul,lawyer,Female,Dallas,4389,1985-11-07
248,Sutton Paroni,architect,Male,New York,1536,1987-10-21
249,Temp Jozefowicz,pilot,Male,Phoenix,1880,1974-05-13
250,Darcy Bernardinelli,teacher,Male,Los Angeles,3436,1980-02-09
251,Tadeas Munford,pilot,Male,San Diego,6268,1987-11-04
252,Gene Alenichev,architect,Male,Philadelphia,7998,1968-09-03
253,Coreen Krysztofowicz,doctor,Female,Philadelphia,5200,1970-01-05
254,Noll Ianizzi,lawyer,Male,San Antonio,4637,1961-11-12
255,Rodney Gasker,lawyer,Male,Dallas,7502,1999-03-16
256,Phillipp Carney,chef,Male,Houston,9413,1963-08-06
257,Lorraine Vynehall,engineer,Female,San Antonio,4971,1970-09-12
258,Cirilo Havis,engineer,Male,San Diego,2291,1974-09-17
259,Harbert Gludor,doctor,Male,Dallas,5813,1982-11-09
260,Ophelie Cunniffe,artist,Female,San Jose,8135,1963-07-02
261,Alphonse Patriche,teacher,Male,New York,7786,1987-01-14
262,Otis Hacon,lawyer,Male,Philadelphia,7888,1992-09-01
263,Blancha MacParlan,lawyer,Female,New York,8511,1989-05-16
264,Corrie Gallanders,chef,Female,Los Angeles,5390,1961-11-14
265,Delmar Cannavan,pilot,Male,San Jose,2343,1982-11-03
266,Holmes McCheyne,chef,Male,Los Angeles,7062,1976-01-13
267,Rainer Pendlebury,teacher,Male,Dallas,1178,2000-06-25
268,Reinwald Critchlow,doctor,Male,Phoenix,7011,1993-12-06
269,Penny Drayton,teacher,Female,Los Angeles,6166,1973-04-18
270,Alonzo Proschek,pilot,Male,San Jose,1437,1987-10-20
271,Nollie Norgan,scientist,Male,Los Angeles,5022,1984-10-12
272,Doll Swainger,pilot,Female,Chicago,7091,1976-03-29
273,Caleb Gonnin,doctor,Male,San Diego,9935,1991-06-22
274,Tommi O'Skehan,engineer,Female,Dallas,2590,1981-12-16
275,Colin L'oiseau,scientist,Male,Los Angeles,2780,1991-12-26
276,Durante Bachnic,lawyer,Male,San Jose,3691,1990-03-05
277,Filide Barfitt,pilot,Female,New York,7465,1981-08-28
278,Nikolaos Corrigan,chef,Male,New York,8079,1963-09-15
279,Vite Phant,teacher,Male,San Diego,7138,1971-10-12
280,David Yandell,writer,Male,Chicago,8553,1981-10-14
281,Jocelin Petracek,scientist,Female,New York,1709,1962-12-03
282,Margalit Geaney,doctor,Female,Dallas,6425,1990-06-16
283,Susana Kellart,artist,Female,San Antonio,9282,1967-01-03
284,Gery Divell,artist,Male,Dallas,5412,1978-07-10
285,Brockie Giacovetti,chef,Male,Dallas,3718,1973-03-27
286,Marcella Jandac,teacher,Female,Dallas,2390,1964-08-19
287,Rivy Forte,lawyer,Female,Philadelphia,3714,1986-01-24
288,Sterne Pawfoot,pilot,Male,San Antonio,2905,1984-02-14
289,Bria Larwood,architect,Female,Phoenix,7866,1999-01-10
290,Kendall Everil,artist,Male,San Jose,3224,1963-02-03
291,Ingaborg Moseley,scientist,Female,Los Angeles,9085,1989-08-10
292,Lanae Jenckes,architect,Female,New York,4257,1963-03-12
293,Kelcie Atto,artist,Female,Dallas,2214,1982-08-29
294,Lynnette Cathee,artist,Female,Philadelphia,1564,1993-05-09
295,Otis Lanfere,pilot,Male,Houston,6016,1983-03-23
296,Eal Grzegorczyk,artist,Male,Philadelphia,3353,1986-09-12
297,Nerita Boniface,engineer,Female,Houston,4850,1961-11-14
298,Deane Kolin,engineer,Male,Phoenix,5926,1969-08-03
299,Alaric Lodwick,artist,Male,Phoenix,1784,1971-04-09
300,Jo Petruk,scientist,Male,New York,8374,1985-02-28
301,Ignazio Godball,artist,Male,Philadelphia,5254,1976-10-09
302,Nerty Fandrey,architect,Female,Houston,9967,1974-11-29
303,Valry Gonet,engineer,Female,Dallas,5034,2000-09-09
304,Welby Cathee,engineer,Male,Houston,1429,1999-04-21
305,Gail Tumini,chef,Female,Chicago,3886,1997-03-28
306,Bili Cammocke,pilot,Female,New York,3748,1987-10-10
307,Antons Sundin,writer,Male,Phoenix,5823,1993-01-31
308,Freida Dranfield,lawyer,Female,San Antonio,5163,1962-10-20
309,Bette-ann Jopson,chef,Female,New York,4017,1981-05-31
310,Judon Merrett,teacher,Male,San Diego,4984,1989-09-15
311,Skelly Czapla,artist,Male,New York,6450,1995-06-15
312,Artie Shrubb,chef,Male,San Jose,9042,1964-11-13
313,Meredeth Gatesman,lawyer,Male,San Diego,3635,1990-08-05
314,Vania Frame,artist,Female,San Diego,1362,1986-11-16
315,Lolly Reah,pilot,Female,Houston,6574,1981-04-15
316,Oby Rickertsen,engineer,Male,Houston,8930,2000-10-08
317,Howard De Mitri,pilot,Male,Houston,8158,1964-05-07
318,Wayne Mutimer,teacher,Male,Dallas,1789,1965-03-29
319,Kennie Santon,architect,Male,Dallas,2781,1961-06-29
320,Simmonds Haddinton,lawyer,Male,Philadelphia,6586,1985-10-08
321,Clementia Aspinal,engineer,Female,Dallas,8216,1968-10-26
322,Jennine Alten,writer,Female,Los Angeles,1864,1985-10-11
323,Shaw Yushachkov,writer,Male,Phoenix,9573,1974-09-10
324,Beale Pleasance,doctor,Male,Chicago,2276,1996-08-21
325,Chic Haselgrove,writer,Male,Dallas,7503,1997-11-04
326,Christian Piesing,lawyer,Female,San Antonio,2092,1996-06-28
327,Denna Chestney,architect,Female,New York,8848,1973-06-25
328,Carmelia Phair,architect,Female,Dallas,3595,1995-02-13
329,Edmon Bendel,lawyer,Male,Chicago,4547,1984-03-31
330,Jock Guinery,teacher,Male,Houston,1523,1970-06-21
331,Truda Eslemont,architect,Female,Chicago,5214,1973-06-07
332,Kiri Gwalter,artist,Female,Philadelphia,5572,1966-03-15
333,Georgeanna Stollmeier,writer,Female,Philadelphia,4765,1996-04-07
334,Flossy Osler,engineer,Female,San Jose,4847,1989-07-31
335,Mauricio Herries,chef,Male,Chicago,2857,1987-05-12
336,Collin Crombie,writer,Male,San Antonio,3720,1963-09-30
337,Maxwell Mattingson,artist,Male,San Jose,7688,1972-11-25
338,Rubetta Kaming,writer,Female,San Diego,3069,1976-03-07
339,Janene Castiglione,teacher,Female,Houston,1977,1983-02-02
340,Allissa Jenkerson,chef,Female,Dallas,2364,1973-11-04
341,Francene Corradini,chef,Female,New York,4379,1975-04-24
342,Mathew Elen,pilot,Male,Phoenix,9893,1986-10-01
343,Constance Karpychev,artist,Female,Chicago,6804,1973-10-30
344,Doralia Franchyonok,scientist,Female,New York,4123,1999-05-03
345,Amby Moffat,teacher,Male,Houston,6882,1980-01-29
346,Rex Westphalen,teacher,Male,Philadelphia,6979,1969-02-08
347,Kathe Grew,engineer,Female,San Diego,2832,1973-09-23
348,Elinore Rawkesby,scientist,Female,Philadelphia,2594,1995-05-25
349,Diego Marston,artist,Male,Los Angeles,6251,1976-12-22
350,Dyanne Mattheus,teacher,Female,Los Angeles,3882,1961-06-01
351,Barbara Bosworth,pilot,Female,Dallas,1280,1987-05-02
352,Salli Simondson,artist,Female,San Jose,8771,1971-05-14
353,Gian Wilding,lawyer,Male,San Antonio,2744,1983-05-04
354,Nat Braisby,lawyer,Female,New York,4961,1983-11-12
355,Matty Bartolomeotti,scientist,Male,San Diego,8047,1994-07-11
356,Mireielle Skullet,chef,Female,San Jose,3655,1995-04-07
357,Evanne Roots,chef,Female,San Diego,6001,1968-03-12
358,Darya Hefferan,writer,Female,Chicago,1306,1979-09-03
359,Martha Fulle,lawyer,Female,Houston,7490,1972-06-21
360,Ginni Broadwood,scientist,Female,San Diego,4066,1964-01-14
361,Arther Derr,chef,Male,Chicago,3370,1997-07-26
362,Alaster Kamall,writer,Male,San Antonio,9653,1963-12-04
363,Reiko Yegorov,lawyer,Female,Houston,6108,1994-01-12
364,Gerta Haywood,lawyer,Female,San Jose,2556,1969-02-13
365,Elbert Moberley,writer,Male,San Antonio,9595,1985-08-27
366,Ermentrude Kinchley,lawyer,Female,New York,7351,1979-10-09
367,Ingrim Bartot,pilot,Male,Los Angeles,5938,1992-09-30
368,Hendrik Dominique,doctor,Male,Chicago,2063,1988-04-07
369,Concettina Carlyon,pilot,Female,Philadelphia,5456,1989-06-29
370,Jammie Passman,architect,Female,New York,1570,1990-11-17
371,Khalil Shepherdson,teacher,Male,San Jose,3558,1969-11-11
372,Jarrad Meaney,artist,Male,Chicago,6622,1977-07-02
373,Denise Kimmings,writer,Female,San Antonio,6454,1972-05-05
374,Gerri Pilfold,writer,Male,San Diego,9609,1971-05-25
375,Dionne Couvert,teacher,Female,San Diego,4560,1987-05-20
376,Don Petti,artist,Male,Los Angeles,1085,1979-06-07
377,Fawnia Verdun,teacher,Female,Philadelphia,4058,1969-11-05
378,Willis Swancock,chef,Male,Chicago,2465,1988-08-24
379,Fleming Godbold,pilot,Male,Houston,6984,1980-01-12
380,Marylinda Sheddan,chef,Female,Chicago,6457,1988-01-16
381,Kristy Struthers,artist,Female,Chicago,9092,1963-12-19
382,Else Simonnin,writer,Female,San Jose,9110,1974-05-08
383,Astrix Eggleston,artist,Female,Dallas,5767,1970-10-28
384,Gerik Kasbye,lawyer,Male,Philadelphia,6726,1979-05-12
385,Sol O'Giany,architect,Male,Los Angeles,5537,1975-10-13
386,Clevie Ruddoch,chef,Male,Philadelphia,8417,1985-05-08
387,Chaddy MacCart,scientist,Male,Chicago,4826,1967-06-18
388,Aidan Eathorne,pilot,Female,Chicago,5503,1988-06-21
389,Maurizia Vaskin,artist,Female,San Antonio,8951,1964-02-26
390,Pepillo Strowlger,engineer,Male,San Jose,5849,1961-09-19
391,Barnabe Fyall,pilot,Male,San Diego,1686,1986-02-09
392,Tressa Eustace,pilot,Female,Philadelphia,2340,1972-07-16
393,Raynor Gorelli,writer,Male,Philadelphia,6823,1999-12-01
394,Salomo Zettler,teacher,Male,San Jose,2748,1984-12-31
395,Bordie Lidbetter,pilot,Male,New York,3855,1972-06-17
396,Gusti Fishe,architect,Female,San Antonio,1644,1983-04-10
397,Celeste Konert,architect,Female,Phoenix,2556,1987-12-22
398,Teddie Terbrug,lawyer,Male,San Antonio,9967,1997-02-03
399,Danica Wadeson,doctor,Female,San Diego,6271,1970-05-29
400,Donal Townend,teacher,Male,Dallas,9659,1984-01-25
401,Janice McManamon,artist,Female,Phoenix,4775,1993-12-29
402,Ellswerth MacIan,engineer,Male,Philadelphia,4832,1991-11-03
403,Ruth Simnett,engineer,Female,San Antonio,7296,1987-12-07
404,Rosabelle Synnot,engineer,Female,Phoenix,9673,1964-02-02
405,Kylie Thieme,pilot,Male,Phoenix,8327,1988-10-23
406,Maure Agus,lawyer,Female,Houston,7914,1995-07-23
407,Stephenie Woodwing,architect,Female,Houston,7691,1970-09-09
408,Binni Oneile,writer,Female,San Antonio,7250,1996-10-10
409,Neddy Kief,pilot,Male,Phoenix,7372,1981-08-25
410,Kerry Dyment,architect,Male,San Antonio,8694,1998-02-10
411,Hussein Josef,lawyer,Male,Chicago,3419,1967-05-20
412,Aaren Kings,writer,Female,Dallas,7692,1971-11-13
413,Moria Houten,artist,Female,Dallas,6341,1996-11-10
414,Marcelline Nieass,lawyer,Female,San Antonio,8759,1995-12-20
415,Keely Copper,teacher,Female,New York,1349,1969-06-14
416,Raimundo Lippo,lawyer,Male,New York,2017,1974-07-22
417,Penn Goaley,artist,Male,Houston,4946,1982-08-13
418,Lisabeth Lelliott,scientist,Female,Houston,6280,1969-05-01
419,Freddi Brawn,engineer,Female,San Antonio,8391,1988-02-16
420,Dayna Brownsword,engineer,Female,Dallas,5650,1977-08-06
421,Viole Summerlie,scientist,Female,Philadelphia,1963,1989-07-23
422,Cyrillus McMeekan,engineer,Male,San Antonio,5041,1983-02-17
423,Kermie Tayloe,lawyer,Male,Los Angeles,7303,1982-10-02
424,Rosalind Klamman,lawyer,Female,San Diego,5100,1961-06-21
425,Rosaline Rapley,doctor,Female,San Antonio,4955,1963-09-08
426,Halley Nibley,scientist,Female,New York,7405,1996-09-03
427,Lotty Bradbury,teacher,Female,San Diego,8944,1973-07-29
428,Ezri Hartless,scientist,Male,San Antonio,2095,1974-09-13
429,Mikel Sambles,chef,Male,Philadelphia,2757,1975-06-08
430,Alvira Derges,writer,Female,Dallas,3575,1966-07-12
431,Andi Palfree,lawyer,Female,Dallas,9875,1999-10-13
432,Giorgi Cockill,artist,Male,Chicago,1428,1989-02-23
433,Danica Pallister,pilot,Female,San Jose,3632,1990-02-01
434,Stanwood Collis,writer,Male,San Antonio,7618,1962-01-07
435,Gery Towle,pilot,Male,San Antonio,3918,1995-07-16
436,Norrie Beavan,architect,Female,Chicago,8168,1993-01-31
437,Lanie Jessup,doctor,Male,Dallas,1931,1965-05-18
438,Crichton Paoletti,doctor,Male,Phoenix,8082,1985-03-14
439,Karlee de Cullip,engineer,Female,Chicago,4713,1997-10-14
440,Lynea Graysmark,pilot,Female,Phoenix,9363,1995-07-05
441,Luke Iglesias,teacher,Male,Philadelphia,2326,1974-07-30
442,Joy Champneys,architect,Female,Los Angeles,4973,1981-07-20
443,Alexandros Stanistreet,chef,Male,New York,10000,1962-03-18
444,Leigh Beche,teacher,Female,Chicago,1162,1963-03-12
445,Dix Hackworthy,doctor,Female,Dallas,3019,1967-04-24
446,Garwood Grieve,pilot,Male,Los Angeles,9060,1990-06-05
447,Gabie Kitson,architect,Male,Los Angeles,1294,1974-12-07
448,Nell Cockarill,artist,Female,Dallas,5719,1972-06-06
449,Antoine Alam,writer,Male,San Jose,1414,1996-01-24
450,Maisey Goymer,chef,Female,San Jose,8665,1994-04-13
451,Lyn Sansun,chef,Male,Phoenix,7664,1973-05-14
452,Reinaldo Gross,engineer,Male,San Jose,1765,1961-03-08
453,Alverta Brent,artist,Female,San Jose,9824,1977-06-28
454,Worth Fullman,engineer,Male,New York,2665,1983-04-25
455,Davy Birwhistle,pilot,Male,Philadelphia,5485,1971-10-26
456,Jemmie De Normanville,pilot,Female,San Antonio,8941,1999-05-15
457,Mabel Knotte,lawyer,Female,San Diego,3795,1982-07-18
458,Corrie Ritter,engineer,Male,Los Angeles,7349,1992-04-30
459,Lowe Allsworth,chef,Male,Philadelphia,8371,1967-10-28
460,Hildagard Battell,writer,Female,Los Angeles,2499,1999-03-25
461,Kerrill Bruckshaw,lawyer,Female,Chicago,7497,1998-01-31
462,Roman Feltoe,scientist,Male,Philadelphia,6903,1987-08-27
463,Trueman Jelfs,artist,Male,San Diego,9449,1993-02-21
464,Gusta Osbourne,pilot,Female,San Diego,1567,1996-01-02
465,Mirabel Dallaway,scientist,Female,San Diego,7899,1985-01-15
466,Fredericka Gooch,artist,Female,New York,7099,1994-08-13
467,Tab Shoreman,artist,Male,Los Angeles,8815,1991-07-17
468,Hedy Shord,lawyer,Female,Dallas,5331,1977-01-23
469,Ardisj Matteris,teacher,Female,Philadelphia,3369,2000-04-01
470,Jervis Badman,doctor,Male,Los Angeles,2848,1975-03-12
471,Ulric Truggian,artist,Male,Chicago,3483,1968-04-23
472,Daryle Mordan,teacher,Male,Phoenix,3609,1961-12-28
473,Jackie Stiebler,lawyer,Female,Dallas,1558,1993-07-31
474,Field Danis,pilot,Male,Chicago,1217,1982-07-08
475,Aubert Lejeune,architect,Male,San Diego,7673,1966-03-01
476,Samuel Forty,pilot,Male,Chicago,4076,1979-07-12
477,Shel Koppelmann,scientist,Female,Chicago,9786,1984-12-24
478,Earlie Gunningham,scientist,Male,Phoenix,4293,1976-05-27
479,Marrissa O'Gready,chef,Female,Houston,5639,1974-01-24
480,Fifine Serle,scientist,Female,Chicago,8787,1992-11-16
481,Jeannette Manclark,lawyer,Female,Dallas,8925,1996-09-07
482,Kellen Ryder,doctor,Male,Los Angeles,2117,1988-03-20
483,Reamonn Wesley,doctor,Male,Chicago,4834,1975-08-16
484,Adelheid Schnitter,architect,Female,Phoenix,5286,1963-03-09
485,Brunhilda Barchrameev,architect,Female,New York,7326,1980-01-04
486,Barbabas Gimbrett,lawyer,Male,Phoenix,1985,1974-08-26
487,Madelena Labitt,chef,Female,Philadelphia,2533,1995-06-27
488,Odette Andrichuk,doctor,Female,Los Angeles,4360,1961-03-21
489,Kile Hallbird,chef,Male,Houston,9883,1969-03-14
490,Holly Manueli,architect,Male,San Diego,3254,1991-03-05
491,Nike Gegg,doctor,Female,Chicago,7279,1991-01-15
492,Gaelan Foli,writer,Male,New York,4394,1993-02-27
493,Skippy Logsdale,engineer,Male,Chicago,6097,1968-10-16
494,Sheelah Parkey,lawyer,Female,San Jose,1167,1962-04-13
495,Karlee O'Driscole,doctor,Female,San Diego,1489,1975-07-14
496,Glen Casella,writer,Female,San Antonio,9794,1994-04-01
497,Felicdad Thomann,scientist,Female,Chicago,9507,1997-03-27
498,Wynny Shelsher,architect,Female,San Diego,9940,1965-09-26
499,Carina Dyhouse,teacher,Female,Los Angeles,7212,1976-11-22
500,Letta Pollicote,scientist,Female,Philadelphia,6359,1988-02-05
